{"ent_type": {"correct": 6825, "incorrect": 72, "partial": 0, "missed": 2917, "spurious": 913, "possible": 9814, "actual": 7810, "precision": 0.8738796414852753, "recall": 0.6954350927246791, "f1": 0.7745120290512937}, "partial": {"correct": 6196, "incorrect": 0, "partial": 701, "missed": 2917, "spurious": 913, "possible": 9814, "actual": 7810, "precision": 0.8382202304737516, "recall": 0.6670572651314449, "f1": 0.7429073990013619}, "strict": {"correct": 6178, "incorrect": 719, "partial": 0, "missed": 2917, "spurious": 913, "possible": 9814, "actual": 7810, "precision": 0.7910371318822023, "recall": 0.6295088648868963, "f1": 0.7010894235133908}, "exact": {"correct": 6196, "incorrect": 701, "partial": 0, "missed": 2917, "spurious": 913, "possible": 9814, "actual": 7810, "precision": 0.7933418693982074, "recall": 0.6313429794171591, "f1": 0.7031320926009986}}