{"ent_type": {"correct": 5285, "incorrect": 209, "partial": 0, "missed": 4337, "spurious": 2692, "possible": 9831, "actual": 8186, "precision": 0.6456144637185438, "recall": 0.537585189706032, "f1": 0.5866681467502913}, "partial": {"correct": 4492, "incorrect": 0, "partial": 1002, "missed": 4337, "spurious": 2692, "possible": 9831, "actual": 8186, "precision": 0.6099438064989006, "recall": 0.5078832265283287, "f1": 0.5542543153688184}, "strict": {"correct": 4415, "incorrect": 1079, "partial": 0, "missed": 4337, "spurious": 2692, "possible": 9831, "actual": 8186, "precision": 0.5393354507696067, "recall": 0.449089614484793, "f1": 0.4900926902369984}, "exact": {"correct": 4492, "incorrect": 1002, "partial": 0, "missed": 4337, "spurious": 2692, "possible": 9831, "actual": 8186, "precision": 0.5487417542145125, "recall": 0.45692198148713253, "f1": 0.498640173169784}}