{"ent_type": {"correct": 5382, "incorrect": 46, "partial": 0, "missed": 4381, "spurious": 256, "possible": 9809, "actual": 5684, "precision": 0.9468684025334272, "recall": 0.5486797838719544, "f1": 0.6947653779126057}, "partial": {"correct": 4972, "incorrect": 0, "partial": 456, "missed": 4381, "spurious": 256, "possible": 9809, "actual": 5684, "precision": 0.9148486980999296, "recall": 0.5301253950453665, "f1": 0.6712708965339185}, "strict": {"correct": 4968, "incorrect": 460, "partial": 0, "missed": 4381, "spurious": 256, "possible": 9809, "actual": 5684, "precision": 0.8740323715693173, "recall": 0.5064736466510348, "f1": 0.6413218873039438}, "exact": {"correct": 4972, "incorrect": 456, "partial": 0, "missed": 4381, "spurious": 256, "possible": 9809, "actual": 5684, "precision": 0.8747361013370866, "recall": 0.5068814354164543, "f1": 0.6418382495320467}}