{"ent_type": {"correct": 8667, "incorrect": 51, "partial": 0, "missed": 1103, "spurious": 964, "possible": 9821, "actual": 9682, "precision": 0.8951662879570337, "recall": 0.882496690764688, "f1": 0.8887863405629902}, "partial": {"correct": 8100, "incorrect": 0, "partial": 618, "missed": 1103, "spurious": 964, "possible": 9821, "actual": 9682, "precision": 0.8685189010535014, "recall": 0.8562264535179717, "f1": 0.8623288724811567}, "strict": {"correct": 8089, "incorrect": 629, "partial": 0, "missed": 1103, "spurious": 964, "possible": 9821, "actual": 9682, "precision": 0.8354678785374923, "recall": 0.8236432135220446, "f1": 0.8295134081936113}, "exact": {"correct": 8100, "incorrect": 618, "partial": 0, "missed": 1103, "spurious": 964, "possible": 9821, "actual": 9682, "precision": 0.8366040074364801, "recall": 0.8247632623969046, "f1": 0.8306414397784956}}