{"ent_type": {"correct": 5401, "incorrect": 107, "partial": 0, "missed": 4298, "spurious": 1045, "possible": 9806, "actual": 6553, "precision": 0.8242026552723943, "recall": 0.5507852335304916, "f1": 0.660309309860016}, "partial": {"correct": 4488, "incorrect": 0, "partial": 1020, "missed": 4298, "spurious": 1045, "possible": 9806, "actual": 6553, "precision": 0.7627041049900809, "recall": 0.509687946155415, "f1": 0.6110397946084724}, "strict": {"correct": 4470, "incorrect": 1038, "partial": 0, "missed": 4298, "spurious": 1045, "possible": 9806, "actual": 6553, "precision": 0.6821303219899283, "recall": 0.455843361207424, "f1": 0.5464881716486337}, "exact": {"correct": 4488, "incorrect": 1020, "partial": 0, "missed": 4298, "spurious": 1045, "possible": 9806, "actual": 6553, "precision": 0.6848771555012971, "recall": 0.45767897205792374, "f1": 0.5486887951586282}}