{"ent_type": {"correct": 5443, "incorrect": 106, "partial": 0, "missed": 4258, "spurious": 1059, "possible": 9807, "actual": 6608, "precision": 0.8236985472154964, "recall": 0.5550117263179362, "f1": 0.6631739262869326}, "partial": {"correct": 4530, "incorrect": 0, "partial": 1019, "missed": 4258, "spurious": 1059, "possible": 9807, "actual": 6608, "precision": 0.7626361985472155, "recall": 0.5138676455592944, "f1": 0.6140115747791655}, "strict": {"correct": 4511, "incorrect": 1038, "partial": 0, "missed": 4258, "spurious": 1059, "possible": 9807, "actual": 6608, "precision": 0.6826573849878934, "recall": 0.4599775670439482, "f1": 0.5496192506853488}, "exact": {"correct": 4530, "incorrect": 1019, "partial": 0, "missed": 4258, "spurious": 1059, "possible": 9807, "actual": 6608, "precision": 0.6855326876513317, "recall": 0.4619149587029673, "f1": 0.5519342065184283}}